{"cameraMode":{"drawMode":0,"name":"Shaded","section":"Shading Mode"},"sceneLighting":false,"audioPlay":false,"sceneViewState":{"m_AlwaysRefresh":false,"showFog":true,"showSkybox":false,"showFlares":true,"showImageEffects":true,"showParticleSystems":true,"showVisualEffectGraphs":true,"m_FxEnabled":true},"in2DMode":false,"pivot":{"x":0.19301509857177735,"y":-0.04402744770050049,"z":-0.06937599182128906},"rotation":{"x":0.31804394721984866,"y":-0.05881737545132637,"z":0.019769219681620599,"w":0.9460489153862},"size":4.260693073272705,"orthographic":false}