{"cameraMode":{"drawMode":0,"name":"Shaded","section":"Shading Mode"},"sceneLighting":false,"audioPlay":false,"sceneViewState":{"m_AlwaysRefresh":false,"showFog":true,"showSkybox":false,"showFlares":true,"showImageEffects":true,"showParticleSystems":true,"showVisualEffectGraphs":true,"m_FxEnabled":true},"in2DMode":false,"pivot":{"x":4.610935211181641,"y":0.7898364067077637,"z":5.06473970413208},"rotation":{"x":0.41325926780700686,"y":0.032232969999313357,"z":-0.014642012305557728,"w":0.9099321961402893},"size":16.77796173095703,"orthographic":false}