{"cameraMode":{"drawMode":0,"name":"Shaded","section":"Shading Mode"},"sceneLighting":false,"audioPlay":false,"sceneViewState":{"m_AlwaysRefresh":false,"showFog":true,"showSkybox":false,"showFlares":true,"showImageEffects":true,"showParticleSystems":true,"showVisualEffectGraphs":true,"m_FxEnabled":true},"in2DMode":false,"pivot":{"x":0.6603999137878418,"y":0.10160008072853089,"z":12.216193199157715},"rotation":{"x":-0.07532521337270737,"y":0.9215632677078247,"z":-0.22700190544128419,"w":-0.30582165718078616},"size":0.36411529779434206,"orthographic":false}