{"cameraMode":{"drawMode":0,"name":"Shaded","section":"Shading Mode"},"sceneLighting":true,"audioPlay":false,"sceneViewState":{"m_AlwaysRefresh":false,"showFog":true,"showSkybox":true,"showFlares":true,"showImageEffects":true,"showParticleSystems":true,"showVisualEffectGraphs":true,"m_FxEnabled":true},"in2DMode":false,"pivot":{"x":46.900001525878909,"y":6.850000381469727,"z":-27.19000244140625},"rotation":{"x":-0.04821978881955147,"y":0.05450773239135742,"z":-0.002634993754327297,"w":-0.9973485469818115},"size":12.124356269836426,"orthographic":false}